-- MySQL dump 10.13  Distrib 9.1.0, for Win64 (x86_64)
--
-- Host: localhost    Database: quality
-- ------------------------------------------------------
-- Server version	9.1.0

/*!40101 SET @OLD_CHARACTER_SET_CLIENT=@@CHARACTER_SET_CLIENT */;
/*!40101 SET @OLD_CHARACTER_SET_RESULTS=@@CHARACTER_SET_RESULTS */;
/*!40101 SET @OLD_COLLATION_CONNECTION=@@COLLATION_CONNECTION */;
/*!50503 SET NAMES utf8mb4 */;
/*!40103 SET @OLD_TIME_ZONE=@@TIME_ZONE */;
/*!40103 SET TIME_ZONE='+00:00' */;
/*!40014 SET @OLD_UNIQUE_CHECKS=@@UNIQUE_CHECKS, UNIQUE_CHECKS=0 */;
/*!40014 SET @OLD_FOREIGN_KEY_CHECKS=@@FOREIGN_KEY_CHECKS, FOREIGN_KEY_CHECKS=0 */;
/*!40101 SET @OLD_SQL_MODE=@@SQL_MODE, SQL_MODE='NO_AUTO_VALUE_ON_ZERO' */;
/*!40111 SET @OLD_SQL_NOTES=@@SQL_NOTES, SQL_NOTES=0 */;

--
-- Table structure for table `checklist_master_items`
--

DROP TABLE IF EXISTS `checklist_master_items`;
/*!40101 SET @saved_cs_client     = @@character_set_client */;
/*!50503 SET character_set_client = utf8mb4 */;
CREATE TABLE `checklist_master_items` (
  `item_id` int NOT NULL AUTO_INCREMENT,
  `item_text` text NOT NULL,
  `item_order` int NOT NULL,
  `is_active` tinyint(1) DEFAULT '1',
  PRIMARY KEY (`item_id`)
) ENGINE=MyISAM AUTO_INCREMENT=12 DEFAULT CHARSET=utf8mb4 COLLATE=utf8mb4_0900_ai_ci;
/*!40101 SET character_set_client = @saved_cs_client */;

--
-- Dumping data for table `checklist_master_items`
--

LOCK TABLES `checklist_master_items` WRITE;
/*!40000 ALTER TABLE `checklist_master_items` DISABLE KEYS */;
INSERT INTO `checklist_master_items` VALUES (1,'For new product, FAI report completed and passed',10,1),(2,'Process traveler complete',20,1),(3,'Datasheet complete and approved by Orbital engineer',30,1),(4,'Visual check for any defects, scratches, marks',40,1),(5,'Etching is complete, including correct model number and s/n',50,1),(6,'Barcode label is printed with a correct s/n and placed correctly',60,1),(7,'All documentation (QSG, manuals, guides) is complete and accurate',70,1),(8,'All necessary accessories (power supply, cables, etc...) are accounted for',80,1),(9,'Proper packaging is used to ensure no damage',90,1),(10,'Shipping carrier selected based on customer needs and lowest cost',100,1),(11,'Packing List complete with correct s/n & verified by QC',110,1);
/*!40000 ALTER TABLE `checklist_master_items` ENABLE KEYS */;
UNLOCK TABLES;

--
-- Table structure for table `model_numbers`
--

DROP TABLE IF EXISTS `model_numbers`;
/*!40101 SET @saved_cs_client     = @@character_set_client */;
/*!50503 SET character_set_client = utf8mb4 */;
CREATE TABLE `model_numbers` (
  `model_id` int NOT NULL AUTO_INCREMENT,
  `model_type` varchar(255) NOT NULL,
  `description` text,
  `part_number` varchar(128) NOT NULL,
  `is_active` tinyint(1) DEFAULT '1',
  PRIMARY KEY (`model_id`),
  UNIQUE KEY `part_number` (`part_number`)
) ENGINE=MyISAM AUTO_INCREMENT=32 DEFAULT CHARSET=utf8mb4 COLLATE=utf8mb4_0900_ai_ci;
/*!40101 SET character_set_client = @saved_cs_client */;

--
-- Dumping data for table `model_numbers`
--

LOCK TABLES `model_numbers` WRITE;
/*!40000 ALTER TABLE `model_numbers` DISABLE KEYS */;
INSERT INTO `model_numbers` VALUES (1,'LNB','Intellian LNB','LNBKAWT-LWN60E-ITT',1),(2,'LNB','LITE COMS dKu, sand color, N con.','LNBKUMB-XBWN54A-CLC-A',1),(3,'SIP','','MT40-NNBB',1),(4,'SMT','interface board 01','837-00221-001',1),(5,'SMT','interface board 02','837-00222-001',1),(6,'LNB','Lite Coms green dKa, TNC connector','LC-LNB-KAWBEXT2-G',1),(7,'LNB','Lite Coms green X-Mic, TNC connector','LC-LNB-XBEXT2-G',1),(8,'SIP','','MT40-SSBS',1),(9,'LNB','Datapath green X-Mic','LNB630S-500X-IWN60-34094',1),(10,'LNB','Lite Coms dKa, Sand color, N con.','LNBKAMB-IWN54A-LCL-A',1),(11,'SIP','','POS-FtBFtB-EB',1),(12,'LNB','Lite Coms X-Mic, Sand color','LNB630S-500X-IWN54-LCL-A',1),(13,'SIP','','MT25-SSBB',1),(14,'LNB','','LNB1000S-750P-WN60',1),(15,'SIP','','MT25-FFBS',1),(16,'BDC','','BDC705R-1000X-SN35',1),(17,'SIP','','MT40-FFBS',1),(18,'LNB','','LNB630S-500X-IWN60',1),(19,'SIP','','MT25-NSBS',1),(20,'SIP','','MT25-SSBS',1),(21,'SIP','','MT25-SSSS',1),(22,'SIP','','MT40-NNBN',1),(23,'SIP','','MT40-NNBS',1),(24,'SIP','','MT40-SSBB',1),(25,'SIP','','MT25-NNBB-3.5',1),(26,'LNB','Intellian COO LNB','LNBKAWT-LWN60E-ITT2',1),(27,'LNB','Stellar LNB','LNBKAWE-AWIN60J-STL',1),(28,'BDC','','BDCKUMAM-XSS40E',1),(29,'BDC','','BDCKUMAM-XSS40A',1),(30,'SMT','Flex cable','837-00293-001',1),(31,'LNB','Lite Coms N-Power LNB','LNBKAWT-XWN60S-LC1-33303',1);
/*!40000 ALTER TABLE `model_numbers` ENABLE KEYS */;
UNLOCK TABLES;

--
-- Table structure for table `shipment_checklist_responses`
--

DROP TABLE IF EXISTS `shipment_checklist_responses`;
/*!40101 SET @saved_cs_client     = @@character_set_client */;
/*!50503 SET character_set_client = utf8mb4 */;
CREATE TABLE `shipment_checklist_responses` (
  `response_id` int NOT NULL AUTO_INCREMENT,
  `shipment_id` int NOT NULL,
  `item_id` int NOT NULL,
  `status` enum('Passed','NA') NOT NULL,
  `completed_by` varchar(255) DEFAULT NULL,
  `completion_date` date DEFAULT NULL,
  `comments` text,
  PRIMARY KEY (`response_id`),
  UNIQUE KEY `unique_response` (`shipment_id`,`item_id`),
  KEY `item_id` (`item_id`)
) ENGINE=MyISAM AUTO_INCREMENT=370 DEFAULT CHARSET=utf8mb4 COLLATE=utf8mb4_0900_ai_ci;
/*!40101 SET character_set_client = @saved_cs_client */;

--
-- Dumping data for table `shipment_checklist_responses`
--

LOCK TABLES `shipment_checklist_responses` WRITE;
/*!40000 ALTER TABLE `shipment_checklist_responses` DISABLE KEYS */;
INSERT INTO `shipment_checklist_responses` VALUES (1,1,1,'NA','Tom Nguyen','2025-09-16',NULL),(2,1,2,'Passed','Tom Nguyen','2025-08-25',NULL),(3,1,3,'Passed','CJ','2025-08-25',NULL),(4,1,4,'Passed','Tom Nguyen','2025-08-25',NULL),(5,1,5,'Passed','Tom Nguyen','2025-08-25',NULL),(6,1,6,'Passed','Tom Nguyen','2025-08-25',NULL),(7,1,7,'NA','Tom Nguyen','2025-09-16',NULL),(8,1,8,'NA','Tom Nguyen','2025-09-16',NULL),(9,1,9,'Passed','Tom Nguyen','2025-08-25',NULL),(10,1,10,'Passed','CD','2025-08-25',NULL),(11,1,11,'Passed','CD','2025-08-25',NULL),(12,2,1,'NA','Tom Nguyen','2025-09-12',NULL),(13,2,2,'Passed','Tom Nguyen','2025-09-12',NULL),(14,2,3,'Passed','CJ','2025-09-12',NULL),(15,2,4,'Passed','Tom Nguyen','2025-09-12',NULL),(16,2,5,'Passed','Tom Nguyen','2025-09-12',NULL),(17,2,6,'Passed','Tom Nguyen','2025-09-12',NULL),(18,2,7,'NA','Tom Nguyen','2025-09-12',NULL),(19,2,8,'NA','Tom Nguyen','2025-09-12',NULL),(20,2,9,'Passed','Tom Nguyen','2025-09-12',NULL),(21,2,10,'Passed','CD','2025-09-12',NULL),(22,2,11,'Passed','CD','2025-09-12',NULL),(23,3,1,'NA','Tom Nguyen','2025-09-10',NULL),(24,3,2,'Passed','Tom Nguyen','2025-09-10',NULL),(25,3,3,'Passed','CJ','2025-09-10',NULL),(26,3,4,'Passed','Tom Nguyen','2025-09-10',NULL),(27,3,5,'Passed','Tom Nguyen','2025-09-10',NULL),(28,3,6,'Passed','Tom Nguyen','2025-09-10',NULL),(29,3,7,'NA','Tom Nguyen','2025-09-10',NULL),(30,3,8,'NA','Tom Nguyen','2025-09-10',NULL),(31,3,9,'Passed','Tom Nguyen','2025-09-10',NULL),(32,3,10,'Passed','CD','2025-09-10',NULL),(33,3,11,'Passed','CD','2025-09-10',NULL),(34,4,1,'NA','Tom Nguyen','2025-09-10',NULL),(35,4,2,'Passed','Tom Nguyen','2025-09-10',NULL),(36,4,3,'NA','Tom Nguyen','2025-09-10',NULL),(37,4,4,'Passed','Bill Shi','2025-09-10',NULL),(38,4,5,'NA','Tom Nguyen','2025-09-10',NULL),(39,4,6,'Passed','Tom Nguyen','2025-09-10',NULL),(40,4,7,'NA','Tom Nguyen','2025-09-10',NULL),(41,4,8,'NA','Tom Nguyen','2025-09-10',NULL),(42,4,9,'NA','Tom Nguyen','2025-09-10',NULL),(43,4,10,'NA','Tom Nguyen','2025-09-10',NULL),(44,4,11,'NA','Tom Nguyen','2025-09-10',NULL),(45,5,1,'NA','Tom Nguyen','2025-09-10',NULL),(46,5,2,'Passed','Tom Nguyen','2025-09-10',NULL),(47,5,3,'NA','Tom Nguyen','2025-09-10',NULL),(48,5,4,'Passed','Bill Shi','2025-09-10',NULL),(49,5,5,'NA','Tom Nguyen','2025-09-10',NULL),(50,5,6,'Passed','Tom Nguyen','2025-09-10',NULL),(51,5,7,'NA','Tom Nguyen','2025-09-10',NULL),(52,5,8,'NA','Tom Nguyen','2025-09-10',NULL),(53,5,9,'NA','Tom Nguyen','2025-09-10',NULL),(54,5,10,'NA','Tom Nguyen','2025-09-10',NULL),(55,5,11,'NA','Tom Nguyen','2025-09-10',NULL),(56,6,1,'NA','Tom Nguyen','2025-09-11',NULL),(57,6,2,'Passed','Tom Nguyen','2025-09-11',NULL),(58,6,3,'Passed','CJ','2025-09-11',NULL),(59,6,4,'Passed','Tom Nguyen','2025-09-11',NULL),(60,6,5,'Passed','Tom Nguyen','2025-09-11',NULL),(61,6,6,'Passed','Tom Nguyen','2025-09-11',NULL),(62,6,7,'NA','Tom Nguyen','2025-09-11',NULL),(63,6,8,'NA','Tom Nguyen','2025-09-11',NULL),(64,6,9,'Passed','Tom Nguyen','2025-09-11',NULL),(65,6,10,'Passed','CD','2025-09-11',NULL),(66,6,11,'Passed','CD','2025-09-11',NULL),(67,7,1,'NA','Tom Nguyen','2025-08-25',NULL),(68,7,2,'Passed','Tom Nguyen','2025-08-25',NULL),(69,7,3,'NA','Tom Nguyen','2025-08-25',NULL),(70,7,4,'Passed','Bill Shi','2025-08-25',NULL),(71,7,5,'NA','Tom Nguyen','2025-09-16',NULL),(72,7,6,'Passed','Tom Nguyen','2025-08-25',NULL),(73,7,7,'NA','Tom Nguyen','2025-09-16',NULL),(74,7,8,'NA','Tom Nguyen','2025-09-16',NULL),(75,7,9,'Passed','Tom Nguyen','2025-08-25',NULL),(76,7,10,'NA','Tom Nguyen','2025-09-16',NULL),(77,7,11,'NA','Tom Nguyen','2025-09-16',NULL),(78,8,1,'NA','Tom Nguyen','2025-08-25',NULL),(79,8,2,'Passed','Tom Nguyen','2025-08-25',NULL),(80,8,3,'NA','Tom Nguyen','2025-08-25',NULL),(81,8,4,'Passed','Bill Liu','2025-08-25',NULL),(82,8,5,'NA','Tom Nguyen','2025-08-25',NULL),(83,8,6,'Passed','Tom Nguyen','2025-08-25',NULL),(84,8,7,'NA','Tom Nguyen','2025-08-25',NULL),(85,8,8,'NA','Tom Nguyen','2025-08-25',NULL),(86,8,9,'Passed','Tom Nguyen','2025-08-25',NULL),(87,8,10,'NA','Tom Nguyen','2025-08-25',NULL),(88,8,11,'NA','Tom Nguyen','2025-08-25',NULL),(89,9,1,'NA','Tom Nguyen','2025-09-09',NULL),(90,9,2,'Passed','Tom Nguyen','2025-09-09',NULL),(91,9,3,'Passed','CJ','2025-09-09',NULL),(92,9,4,'Passed','Tom Nguyen','2025-09-09',NULL),(93,9,5,'Passed','Tom Nguyen','2025-09-09',NULL),(94,9,6,'Passed','Tom Nguyen','2025-09-09',NULL),(95,9,7,'NA','Tom Nguyen','2025-09-09',NULL),(96,9,8,'Passed','Tom Nguyen','2025-09-09','10 pcs of SMA Murray connectors'),(97,9,9,'Passed','Tom Nguyen','2025-09-09',NULL),(98,9,10,'Passed','AN','2025-09-09',NULL),(99,9,11,'Passed','AN','2025-09-09',NULL),(100,10,1,'NA','Tom Nguyen','2025-09-09',NULL),(101,10,2,'Passed','Tom Nguyen','2025-09-09',NULL),(102,10,3,'Passed','CJ','2025-09-09',NULL),(103,10,4,'Passed','Tom Nguyen','2025-09-09',NULL),(104,10,5,'Passed','Tom Nguyen','2025-09-09',NULL),(105,10,6,'Passed','Tom Nguyen','2025-09-09',NULL),(106,10,7,'NA','Tom Nguyen','2025-09-09',NULL),(107,10,8,'NA','Tom Nguyen','2025-09-09',NULL),(108,10,9,'Passed','AN','2025-09-09',NULL),(109,10,10,'Passed','AN','2025-09-09',NULL),(110,10,11,'Passed','AN','2025-09-09',NULL),(111,11,1,'NA','Tom Nguyen','2025-09-17',NULL),(112,11,2,'Passed','Tom Nguyen','2025-09-17',NULL),(113,11,4,'Passed','Tom Nguyen','2025-09-17','high button board: 9099-323, -325, -328; fixed paint blister -325 '),(114,11,5,'Passed','Tom Nguyen','2025-09-17',NULL),(115,11,6,'Passed','Tom Nguyen','2025-09-17',NULL),(116,11,7,'NA','Tom Nguyen','2025-09-17',NULL),(117,11,8,'NA','Tom Nguyen','2025-09-17',NULL),(118,11,9,'Passed','Tom Nguyen','2025-09-17',NULL),(119,11,10,'Passed','Cihan Dilim','2025-09-17',NULL),(120,11,11,'Passed','Cihan Dilim','2025-09-17',NULL),(121,11,3,'Passed','Carl Jaehrlich','2025-09-17',NULL),(122,12,1,'NA','Tom Nguyen','2025-09-19',NULL),(123,12,2,'Passed','Tom Nguyen','2025-09-19',NULL),(124,12,4,'Passed','Tom Nguyen','2025-09-19',NULL),(125,12,5,'Passed','Tom Nguyen','2025-09-19',NULL),(126,12,6,'Passed','Tom Nguyen','2025-09-19',NULL),(127,12,7,'NA','Cihan Dilim','2025-09-19',NULL),(128,12,8,'NA','Cihan Dilim','2025-09-19',NULL),(129,12,9,'Passed','Tom Nguyen','2025-09-19',NULL),(130,13,1,'NA','Tom Nguyen','2025-09-19',NULL),(131,13,2,'Passed','Tom Nguyen','2025-09-19',NULL),(132,13,4,'Passed','Tom Nguyen','2025-09-19',NULL),(133,13,5,'Passed','Tom Nguyen','2025-09-19',NULL),(134,13,6,'Passed','Tom Nguyen','2025-09-19',NULL),(135,13,7,'NA','Tom Nguyen','2025-09-19',NULL),(136,13,8,'NA','Tom Nguyen','2025-09-19',NULL),(137,13,9,'Passed','Tom Nguyen','2025-09-19',NULL),(138,12,10,'Passed','Cihan Dilim','2025-09-19',NULL),(139,12,11,'Passed','Cihan Dilim','2025-09-19',NULL),(140,13,10,'Passed','Cihan Dilim','2025-09-19',NULL),(141,13,11,'Passed','Cihan Dilim','2025-09-19',NULL),(142,14,1,'NA','Tom Nguyen','2025-09-22',NULL),(143,14,2,'Passed','Tom Nguyen','2025-09-22',NULL),(144,14,3,'Passed','Carl Jaehrlich','2025-09-22',NULL),(145,14,4,'Passed','Tom Nguyen','2025-09-22',NULL),(146,14,5,'Passed','Tom Nguyen','2025-09-22',NULL),(147,14,6,'Passed','Tom Nguyen','2025-09-22',NULL),(148,14,7,'NA','Tom Nguyen','2025-09-22',NULL),(149,14,8,'NA','Tom Nguyen','2025-09-22',NULL),(150,14,9,'Passed','Tom Nguyen','2025-09-22',NULL),(151,14,10,'Passed','Cihan Dilim','2025-09-22',NULL),(152,14,11,'Passed','Cihan Dilim','2025-09-22',NULL),(153,12,3,'Passed','Carl Jaehrlich','2025-09-19',NULL),(154,13,3,'Passed','Carl Jaehrlich','2025-09-19',NULL),(155,15,1,'NA','Tom Nguyen','2025-09-22',NULL),(156,15,2,'Passed','Tom Nguyen','2025-09-22',NULL),(157,15,4,'Passed','Tom Nguyen','2025-09-22',NULL),(158,15,5,'Passed','Tom Nguyen','2025-09-22',NULL),(159,15,6,'Passed','Tom Nguyen','2025-09-22',NULL),(160,15,7,'NA','Tom Nguyen','2025-09-22',NULL),(161,15,8,'NA','Cihan Dilim','2025-09-22',NULL),(162,15,9,'Passed','Tom Nguyen','2025-09-22',NULL),(163,15,3,'Passed','Carl Jaehrlich','2025-09-22',NULL),(164,16,1,'NA','Tom Nguyen','2025-09-22',NULL),(165,16,2,'Passed','Tom Nguyen','2025-09-22',NULL),(166,16,4,'Passed','Tom Nguyen','2025-09-22',NULL),(167,16,5,'Passed','Tom Nguyen','2025-09-22',NULL),(168,16,6,'Passed','Tom Nguyen','2025-09-22',NULL),(169,16,7,'Passed','Cihan Dilim','2025-09-22',NULL),(170,16,8,'NA','Tom Nguyen','2025-09-22',NULL),(171,16,9,'Passed','Tom Nguyen','2025-09-22',NULL),(172,16,3,'Passed','Carl Jaehrlich','2025-09-22',NULL),(173,17,1,'NA','Tom Nguyen','2025-09-23',NULL),(174,17,2,'Passed','Tom Nguyen','2025-09-23',NULL),(175,17,4,'Passed','Tom Nguyen','2025-09-23',NULL),(176,17,5,'Passed','Tom Nguyen','2025-09-23',NULL),(177,17,6,'Passed','Tom Nguyen','2025-09-23',NULL),(178,17,7,'NA','Tom Nguyen','2025-09-23',NULL),(179,17,8,'NA','Tom Nguyen','2025-09-23',NULL),(180,17,9,'Passed','Tom Nguyen','2025-09-23',NULL),(181,15,10,'Passed','Cihan Dilim','2025-09-22',NULL),(182,15,11,'Passed','Cihan Dilim','2025-09-22',NULL),(183,16,10,'Passed','Cihan Dilim','2025-09-22',NULL),(184,16,11,'Passed','Cihan Dilim','2025-09-22',NULL),(185,18,1,'Passed','Tom Nguyen','2025-09-23',NULL),(186,18,2,'Passed','Tom Nguyen','2025-09-23',NULL),(187,19,1,'NA','Tom Nguyen','2025-09-23',NULL),(188,19,2,'Passed','Tom Nguyen','2025-09-23',NULL),(189,19,4,'Passed','Tom Nguyen','2025-09-23',NULL),(190,19,5,'Passed','Tom Nguyen','2025-09-23',NULL),(191,19,6,'Passed','Tom Nguyen','2025-09-23',NULL),(192,19,7,'NA','Tom Nguyen','2025-09-23',NULL),(193,19,8,'NA','Tom Nguyen','2025-09-23',NULL),(194,19,9,'Passed','Tom Nguyen','2025-09-23',NULL),(195,17,3,'Passed','Carl Jaehrlich','2025-09-23',NULL),(196,19,3,'Passed','Carl Jaehrlich','2025-09-23',NULL),(197,20,1,'NA','Tom Nguyen','2025-08-29',NULL),(198,20,2,'Passed','Tom Nguyen','2025-08-29',NULL),(199,20,3,'NA','Tom Nguyen','2025-08-29',NULL),(200,20,4,'Passed','Tom Nguyen','2025-08-29',NULL),(201,20,5,'NA','Tom Nguyen','2025-08-29',NULL),(202,20,6,'Passed','Tom Nguyen','2025-08-29',NULL),(203,20,7,'NA','Tom Nguyen','2025-08-29',NULL),(204,20,8,'NA','Tom Nguyen','2025-08-29',NULL),(205,20,9,'NA','Tom Nguyen','2025-08-29',NULL),(206,20,10,'NA','Tom Nguyen','2025-08-29',NULL),(207,20,11,'NA','Tom Nguyen','2025-08-29',NULL),(208,21,1,'NA','Tom Nguyen','2025-08-29',NULL),(209,21,2,'Passed','Tom Nguyen','2025-08-29',NULL),(210,21,3,'NA','Tom Nguyen','2025-08-29',NULL),(211,21,4,'Passed','Tom Nguyen','2025-08-29',NULL),(212,21,5,'NA','Tom Nguyen','2025-08-29',NULL),(213,21,6,'Passed','Tom Nguyen','2025-08-29',NULL),(214,21,7,'NA','Tom Nguyen','2025-08-29',NULL),(215,21,8,'NA','Tom Nguyen','2025-08-29',NULL),(216,21,9,'NA','Tom Nguyen','2025-08-29',NULL),(217,21,10,'NA','Tom Nguyen','2025-08-29',NULL),(218,21,11,'NA','Tom Nguyen','2025-08-29',NULL),(219,22,1,'NA','Tom Nguyen','2025-08-29',NULL),(220,22,2,'Passed','Tom Nguyen','2025-08-29',NULL),(221,22,3,'NA','Tom Nguyen','2025-08-29',NULL),(222,22,4,'Passed','Tom Nguyen','2025-08-29',NULL),(223,22,5,'NA','Tom Nguyen','2025-08-29',NULL),(224,22,6,'Passed','Tom Nguyen','2025-08-29',NULL),(225,22,7,'NA','Tom Nguyen','2025-08-29',NULL),(226,22,8,'NA','Tom Nguyen','2025-08-29',NULL),(227,22,9,'NA','Tom Nguyen','2025-08-29',NULL),(228,22,10,'NA','Tom Nguyen','2025-08-29',NULL),(229,22,11,'NA','Tom Nguyen','2025-08-29',NULL),(230,23,1,'NA','Tom Nguyen','2025-09-03',NULL),(231,23,2,'Passed','Tom Nguyen','2025-09-03',NULL),(232,23,3,'NA','Tom Nguyen','2025-09-03',NULL),(233,23,4,'Passed','Tom Nguyen','2025-09-03',NULL),(234,23,5,'NA','Tom Nguyen','2025-09-03',NULL),(235,23,6,'Passed','Tom Nguyen','2025-09-03',NULL),(236,23,7,'NA','Tom Nguyen','2025-09-03',NULL),(237,23,8,'NA','Tom Nguyen','2025-09-03',NULL),(238,23,9,'NA','Tom Nguyen','2025-09-03',NULL),(239,23,10,'NA','Tom Nguyen','2025-09-03',NULL),(240,23,11,'NA','Tom Nguyen','2025-09-03',NULL),(241,24,1,'NA','Tom Nguyen','2025-09-04',NULL),(242,24,2,'Passed','Tom Nguyen','2025-09-04',NULL),(243,24,3,'NA','Tom Nguyen','2025-09-04',NULL),(244,24,4,'Passed','Tom Nguyen','2025-09-04',NULL),(245,24,5,'NA','Tom Nguyen','2025-09-04',NULL),(246,24,6,'Passed','Tom Nguyen','2025-09-04',NULL),(247,24,7,'NA','Tom Nguyen','2025-09-04',NULL),(248,24,8,'NA','Tom Nguyen','2025-09-04',NULL),(249,24,9,'NA','Tom Nguyen','2025-09-04',NULL),(250,24,10,'NA','Tom Nguyen','2025-09-04',NULL),(251,24,11,'NA','Tom Nguyen','2025-09-04',NULL),(252,25,1,'NA','Tom Nguyen','2025-09-04',NULL),(253,25,2,'Passed','Tom Nguyen','2025-09-04',NULL),(254,25,3,'NA','Tom Nguyen','2025-09-04',NULL),(255,25,4,'Passed','Tom Nguyen','2025-09-04',NULL),(256,25,5,'NA','Tom Nguyen','2025-09-04',NULL),(257,25,6,'Passed','Tom Nguyen','2025-09-04',NULL),(258,25,7,'NA','Tom Nguyen','2025-09-04',NULL),(259,25,8,'NA','Tom Nguyen','2025-09-04',NULL),(260,25,9,'NA','Tom Nguyen','2025-09-04',NULL),(261,25,10,'NA','Tom Nguyen','2025-09-04',NULL),(262,25,11,'NA','Tom Nguyen','2025-09-04',NULL),(263,26,1,'NA','Tom Nguyen','2025-09-04',NULL),(264,26,2,'Passed','Tom Nguyen','2025-09-04',NULL),(265,26,3,'NA','Tom Nguyen','2025-09-04',NULL),(266,26,4,'Passed','Tom Nguyen','2025-09-04',NULL),(267,26,5,'NA','Tom Nguyen','2025-09-04',NULL),(268,26,6,'Passed','Tom Nguyen','2025-09-04',NULL),(269,26,7,'NA','Tom Nguyen','2025-09-04',NULL),(270,26,8,'NA','Tom Nguyen','2025-09-04',NULL),(271,26,9,'NA','Tom Nguyen','2025-09-04',NULL),(272,26,10,'NA','Tom Nguyen','2025-09-04',NULL),(273,26,11,'NA','Tom Nguyen','2025-09-04',NULL),(274,27,1,'NA','Tom Nguyen','2025-08-22',NULL),(275,27,2,'Passed','Tom Nguyen','2025-08-22',NULL),(276,27,3,'Passed','CJ','2025-08-22',NULL),(277,27,4,'Passed','Tom Nguyen','2025-08-22',NULL),(278,27,5,'Passed','Tom Nguyen','2025-08-22',NULL),(279,27,6,'Passed','Tom Nguyen','2025-08-22',NULL),(280,27,7,'NA','Tom Nguyen','2025-08-22',NULL),(281,27,8,'NA','Tom Nguyen','2025-08-22',NULL),(282,27,9,'Passed','Tom Nguyen','2025-08-22',NULL),(283,27,10,'Passed','CD','2025-08-22',NULL),(284,27,11,'Passed','CD','2025-08-22',NULL),(285,28,1,'NA','Tom Nguyen','2025-08-12',NULL),(286,28,2,'Passed','Alexei','2025-08-12',NULL),(287,28,3,'Passed','CJ','2025-08-12',NULL),(288,28,4,'Passed','Alexei','2025-08-12',NULL),(289,28,5,'Passed','Alexei','2025-08-12',NULL),(290,28,6,'Passed','Alexei','2025-08-12',NULL),(291,28,7,'NA','Tom Nguyen','2025-08-12',NULL),(292,28,8,'NA','Tom Nguyen','2025-08-12',NULL),(293,28,9,'Passed','Alexei','2025-08-12',NULL),(294,28,10,'Passed','CD','2025-08-12',NULL),(295,28,11,'Passed','CD','2025-08-12',NULL),(319,31,4,'Passed','Tom Nguyen','2025-09-25',NULL),(318,31,2,'Passed','Tom Nguyen','2025-09-25',NULL),(317,31,1,'NA','Tom Nguyen','2025-09-25',NULL),(316,30,9,'Passed','Tom Nguyen','2025-09-25',NULL),(315,30,8,'NA','Tom Nguyen','2025-09-25',NULL),(314,30,7,'NA','Tom Nguyen','2025-09-25',NULL),(313,30,6,'Passed','Tom Nguyen','2025-09-25',NULL),(312,30,5,'Passed','Tom Nguyen','2025-09-25',NULL),(311,30,4,'Passed','Tom Nguyen','2025-09-25',NULL),(310,30,2,'Passed','Tom Nguyen','2025-09-25',NULL),(309,30,1,'NA','Tom Nguyen','2025-09-25',NULL),(307,17,10,'Passed','Cihan Dilim','2025-09-23',NULL),(308,17,11,'Passed','Cihan Dilim','2025-09-23',NULL),(320,31,5,'Passed','Tom Nguyen','2025-09-25',NULL),(321,31,6,'Passed','Tom Nguyen','2025-09-25',NULL),(322,31,7,'NA','Tom Nguyen','2025-09-25',NULL),(323,31,8,'NA','Tom Nguyen','2025-09-25',NULL),(324,31,9,'Passed','Tom Nguyen','2025-09-25',NULL),(325,31,3,'Passed','Carl Jaehrlich','2025-09-25',NULL),(326,30,3,'Passed','Carl Jaehrlich','2025-09-25',NULL),(327,33,1,'NA','Tom Nguyen','2025-09-26',NULL),(328,33,2,'Passed','Tom Nguyen','2025-09-26',NULL),(329,33,4,'Passed','Tom Nguyen','2025-09-26',NULL),(330,33,5,'Passed','Tom Nguyen','2025-09-26',NULL),(331,33,6,'Passed','Tom Nguyen','2025-09-26',NULL),(332,33,7,'NA','Tom Nguyen','2025-09-26',NULL),(333,33,8,'NA','Tom Nguyen','2025-09-26',NULL),(334,33,9,'Passed','Tom Nguyen','2025-09-26',NULL),(335,34,1,'NA','Tom Nguyen','2025-09-26',NULL),(336,34,2,'Passed','Tom Nguyen','2025-09-26',NULL),(337,34,4,'Passed','Tom Nguyen','2025-09-26',NULL),(338,34,5,'Passed','Tom Nguyen','2025-09-26',NULL),(339,34,6,'Passed','Tom Nguyen','2025-09-26',NULL),(340,34,7,'NA','Tom Nguyen','2025-09-26',NULL),(341,34,8,'NA','Tom Nguyen','2025-09-26',NULL),(342,34,9,'Passed','Tom Nguyen','2025-09-26',NULL),(343,35,1,'NA','Tom Nguyen','2025-09-26',NULL),(344,35,2,'Passed','Tom Nguyen','2025-09-26',NULL),(345,35,4,'Passed','Tom Nguyen','2025-09-26',NULL),(346,35,5,'Passed','Tom Nguyen','2025-09-26',NULL),(347,35,6,'Passed','Tom Nguyen','2025-09-26',NULL),(348,35,7,'NA','Tom Nguyen','2025-09-26',NULL),(349,35,8,'NA','Tom Nguyen','2025-09-26',NULL),(350,35,9,'Passed','Tom Nguyen','2025-09-26',NULL),(351,36,1,'NA','Tom Nguyen','2025-09-23',NULL),(352,36,2,'Passed','Tom Nguyen','2025-09-23',NULL),(353,36,3,'NA','Tom Nguyen','2025-09-23',NULL),(354,36,4,'Passed','Bill Shi','2025-09-23',NULL),(355,36,5,'NA','Tom Nguyen','2025-09-23',NULL),(356,36,6,'Passed','AN','2025-09-23',NULL),(357,36,7,'NA','Tom Nguyen','2025-09-23',NULL),(358,36,8,'NA','Tom Nguyen','2025-09-23',NULL),(359,36,9,'NA','Tom Nguyen','2025-09-23',NULL),(360,36,10,'NA','Tom Nguyen','2025-09-23',NULL),(361,36,11,'NA','Tom Nguyen','2025-09-23',NULL),(362,37,1,'NA','Tom Nguyen','2025-09-26',NULL),(363,37,2,'Passed','Tom Nguyen','2025-09-26',NULL),(364,37,4,'Passed','Tom Nguyen','2025-09-26',NULL),(365,37,5,'Passed','Tom Nguyen','2025-09-26',NULL),(366,37,6,'Passed','Tom Nguyen','2025-09-26',NULL),(367,37,7,'NA','Tom Nguyen','2025-09-26',NULL),(368,37,8,'NA','Tom Nguyen','2025-09-26',NULL),(369,37,9,'Passed','Tom Nguyen','2025-09-26',NULL);
/*!40000 ALTER TABLE `shipment_checklist_responses` ENABLE KEYS */;
UNLOCK TABLES;

--
-- Table structure for table `shipments`
--

DROP TABLE IF EXISTS `shipments`;
/*!40101 SET @saved_cs_client     = @@character_set_client */;
/*!50503 SET character_set_client = utf8mb4 */;
CREATE TABLE `shipments` (
  `id` int NOT NULL AUTO_INCREMENT,
  `customer_name` varchar(255) NOT NULL,
  `job_number` varchar(128) NOT NULL,
  `shipping_date` date NOT NULL,
  `qc_name` varchar(255) NOT NULL,
  `status` enum('In Progress','Completed') DEFAULT 'In Progress',
  PRIMARY KEY (`id`),
  UNIQUE KEY `uc_job_shipping_date` (`job_number`,`shipping_date`)
) ENGINE=MyISAM AUTO_INCREMENT=38 DEFAULT CHARSET=utf8mb4 COLLATE=utf8mb4_0900_ai_ci;
/*!40101 SET character_set_client = @saved_cs_client */;

--
-- Dumping data for table `shipments`
--

LOCK TABLES `shipments` WRITE;
/*!40000 ALTER TABLE `shipments` DISABLE KEYS */;
INSERT INTO `shipments` VALUES (1,'Intellian','9188-01','2025-08-25','TN','Completed'),(2,'Lite Coms','9099-02','2025-09-12','TN','Completed'),(3,'Network Innovations','9276-01','2025-09-10','Tom Nguyen','Completed'),(4,'Internal','9255-03','2025-09-10','Tom Nguyen','Completed'),(5,'Internal','9255-04','2025-09-10','Tom Nguyen','Completed'),(6,'Lite Coms','9282-01, -02','2025-09-11','Tom Nguyen','Completed'),(7,'Internal','9135-01','2025-09-16','Tom Nguyen','Completed'),(8,'Internal','9135-02','2025-08-25','Tom Nguyen','Completed'),(9,'Acorde','9275-01','2025-09-09','Tom Nguyen','Completed'),(10,'Datapath','9264-01','2025-09-09','Tom Nguyen','Completed'),(11,'Lite Coms','9099-02','2025-09-17','Tom Nguyen','Completed'),(12,'Lite Coms','9099','2025-09-19','Tom Nguyen','Completed'),(13,'Metrea','9273-01','2025-09-19','Tom Nguyen','Completed'),(14,'University of WA','9307','2025-09-22','Tom Nguyen','Completed'),(15,'Parsons','9299-01','2025-09-22','Tom Nguyen','Completed'),(16,'CACI','9179-01','2025-09-22','Tom Nguyen','Completed'),(17,'Integrasys','9308','2025-09-23','Tom Nguyen','Completed'),(19,'L3 GCS','9300','2025-09-23','Tom Nguyen','In Progress'),(20,'Internal','9237-01','2025-08-29','Tom Nguyen','Completed'),(21,'Internal','9237-02','2025-08-29','Tom Nguyen','Completed'),(22,'Internal','9237-03','2025-08-29','Tom Nguyen','Completed'),(23,'Internal','9237-04','2025-09-03','Tom Nguyen','Completed'),(24,'Internal','9237-05','2025-09-04','Tom Nguyen','Completed'),(25,'Internal','9237-06','2025-09-04','Tom Nguyen','Completed'),(26,'Internal','9237-07','2025-09-04','Tom Nguyen','Completed'),(27,'EZ High Tech','9249','2025-08-22','Tom Nguyen','Completed'),(28,'Optimum Viking Satcom','9230','2025-08-12','Alexei','Completed'),(35,'Internal','9313','2025-09-26','Tom Nguyen','In Progress'),(30,'Intellian','8597-R7','2025-09-25','Tom Nguyen','In Progress'),(31,'Stellar','9157-01','2025-09-25','Tom Nguyen','In Progress'),(33,'BAE','9191','2025-09-26','Tom Nguyen','In Progress'),(34,'BAE','9214','2025-09-26','Tom Nguyen','In Progress'),(36,'Internal','9266-01','2025-09-23','Tom Nguyen','Completed'),(37,'Lite Coms','9227-01','2025-09-26','Tom Nguyen','In Progress');
/*!40000 ALTER TABLE `shipments` ENABLE KEYS */;
UNLOCK TABLES;

--
-- Table structure for table `shipped_units`
--

DROP TABLE IF EXISTS `shipped_units`;
/*!40101 SET @saved_cs_client     = @@character_set_client */;
/*!50503 SET character_set_client = utf8mb4 */;
CREATE TABLE `shipped_units` (
  `unit_id` int NOT NULL AUTO_INCREMENT,
  `shipment_id` int NOT NULL,
  `model_type` varchar(255) NOT NULL,
  `part_number` varchar(128) NOT NULL,
  `serial_number` varchar(128) NOT NULL,
  `first_test_pass` tinyint(1) DEFAULT '1',
  `failed_equipment` enum('ATE1','ATE2','ATE3','ATE4','ATE5','Other') DEFAULT NULL,
  `retest_reason` text,
  `original_serial_number` varchar(128) DEFAULT NULL,
  PRIMARY KEY (`unit_id`),
  UNIQUE KEY `serial_number` (`serial_number`),
  UNIQUE KEY `original_serial_number` (`original_serial_number`),
  KEY `shipment_id` (`shipment_id`),
  KEY `part_number` (`part_number`)
) ENGINE=MyISAM AUTO_INCREMENT=324 DEFAULT CHARSET=utf8mb4 COLLATE=utf8mb4_0900_ai_ci;
/*!40101 SET character_set_client = @saved_cs_client */;

--
-- Dumping data for table `shipped_units`
--

LOCK TABLES `shipped_units` WRITE;
/*!40000 ALTER TABLE `shipped_units` DISABLE KEYS */;
INSERT INTO `shipped_units` VALUES (1,1,'LNB','LNBKAWT-LWN60E-ITT','9188-001',0,'ATE5','changing design',NULL),(2,1,'LNB','LNBKAWT-LWN60E-ITT','9188-002',0,'ATE2','defective components',NULL),(3,1,'LNB','LNBKAWT-LWN60E-ITT','9188-003',0,'ATE5','changing design',NULL),(4,1,'LNB','LNBKAWT-LWN60E-ITT','9188-004',0,'ATE5','changing design',NULL),(5,1,'LNB','LNBKAWT-LWN60E-ITT','9188-005',0,'ATE5','changing design',NULL),(6,1,'LNB','LNBKAWT-LWN60E-ITT','9188-006',0,'ATE2','tuning',NULL),(7,1,'LNB','LNBKAWT-LWN60E-ITT','9188-007',0,'ATE2','defective components',NULL),(8,1,'LNB','LNBKAWT-LWN60E-ITT','9188-008',0,'ATE2','defective components',NULL),(9,1,'LNB','LNBKAWT-LWN60E-ITT','9188-009',0,'ATE2','defective components',NULL),(10,1,'LNB','LNBKAWT-LWN60E-ITT','9188-010',0,'ATE2','defective components',NULL),(11,2,'LNB','LC-LNB-KUWEXT-T','9099-317',1,NULL,NULL,NULL),(12,2,'LNB','LC-LNB-KUWEXT-T','9099-319',1,NULL,NULL,NULL),(13,2,'LNB','LC-LNB-KUWEXT-T','9099-322',1,NULL,NULL,NULL),(14,3,'SIP','MT40-NNBB','9276-001',1,NULL,NULL,NULL),(15,3,'SIP','MT40-NNBB','9276-002',1,NULL,NULL,NULL),(16,3,'SIP','MT40-NNBB','9276-003',1,NULL,NULL,NULL),(17,4,'SMT','837-00221-001','9255-031',0,'Other','missing component',NULL),(18,4,'SMT','837-00221-001','9255-032',0,'Other','missing component',NULL),(19,4,'SMT','837-00221-001','9255-033',0,'Other','missing component',NULL),(20,4,'SMT','837-00221-001','9255-034',0,'Other','missing component',NULL),(21,4,'SMT','837-00221-001','9255-035',0,'Other','missing component',NULL),(22,4,'SMT','837-00221-001','9255-036',0,'Other','missing component',NULL),(201,5,'SMT','837-00222-001','9255-066',1,NULL,NULL,NULL),(200,5,'SMT','837-00222-001','9255-065',1,NULL,NULL,NULL),(199,5,'SMT','837-00222-001','9255-064',1,NULL,NULL,NULL),(198,5,'SMT','837-00222-001','9255-063',1,NULL,NULL,NULL),(197,5,'SMT','837-00222-001','9255-062',1,NULL,NULL,NULL),(196,5,'SMT','837-00222-001','9255-061',1,NULL,NULL,NULL),(29,6,'LNB','LC-LNB-KAWBEXT2-G','9282-001',1,NULL,NULL,NULL),(30,6,'LNB','LC-LNB-XBEXT2-G','9282-011',1,NULL,NULL,NULL),(31,7,'SMT','837-00221-001','9135-001',1,NULL,NULL,NULL),(32,7,'SMT','837-00221-001','9135-002',1,NULL,NULL,NULL),(33,7,'SMT','837-00221-001','9135-003',1,NULL,NULL,NULL),(34,7,'SMT','837-00221-001','9135-004',1,NULL,NULL,NULL),(35,7,'SMT','837-00221-001','9135-005',1,NULL,NULL,NULL),(36,7,'SMT','837-00221-001','9135-006',1,NULL,NULL,NULL),(37,7,'SMT','837-00221-001','9135-007',1,NULL,NULL,NULL),(38,7,'SMT','837-00221-001','9135-008',1,NULL,NULL,NULL),(39,7,'SMT','837-00221-001','9135-009',1,NULL,NULL,NULL),(40,7,'SMT','837-00221-001','9135-010',1,NULL,NULL,NULL),(41,7,'SMT','837-00221-001','9135-011',1,NULL,NULL,NULL),(42,8,'SMT','837-00222-001','9135-021',1,NULL,NULL,NULL),(43,8,'SMT','837-00222-001','9135-022',1,NULL,NULL,NULL),(44,8,'SMT','837-00222-001','9135-023',1,NULL,NULL,NULL),(45,8,'SMT','837-00222-001','9135-024',1,NULL,NULL,NULL),(46,8,'SMT','837-00222-001','9135-025',1,NULL,NULL,NULL),(47,8,'SMT','837-00222-001','9135-026',1,NULL,NULL,NULL),(48,8,'SMT','837-00222-001','9135-027',1,NULL,NULL,NULL),(49,8,'SMT','837-00222-001','9135-028',1,NULL,NULL,NULL),(50,8,'SMT','837-00222-001','9135-029',1,NULL,NULL,NULL),(51,8,'SMT','837-00222-001','9135-030',1,NULL,NULL,NULL),(52,8,'SMT','837-00222-001','9135-031',1,NULL,NULL,NULL),(53,8,'SMT','837-00222-001','9135-032',1,NULL,NULL,NULL),(54,9,'SIP','MT40-SSBS','9275-001',1,NULL,NULL,NULL),(55,9,'SIP','MT40-SSBS','9275-002',1,NULL,NULL,NULL),(56,10,'LNB','LNB630S-500X-IWN60-34094','9264-001',1,NULL,NULL,NULL),(57,10,'LNB','LNB630S-500X-IWN60-34094','9264-002',1,NULL,NULL,NULL),(58,10,'LNB','LNB630S-500X-IWN60-34094','9264-003',1,NULL,NULL,NULL),(59,10,'LNB','LNB630S-500X-IWN60-34094','9264-004',1,NULL,NULL,NULL),(60,10,'LNB','LNB630S-500X-IWN60-34094','9264-005',1,NULL,NULL,NULL),(61,10,'LNB','LNB630S-500X-IWN60-34094','9264-006',1,NULL,NULL,NULL),(62,7,'SMT','837-00221-001','9135-012',1,NULL,NULL,NULL),(63,11,'LNB','LNBKUMB-XBWN54A-CLC-A','9099-318',0,'ATE1','defective components',NULL),(64,11,'LNB','LNBKUMB-XBWN54A-CLC-A','9099-323',1,NULL,NULL,NULL),(65,11,'LNB','LNBKUMB-XBWN54A-CLC-A','9099-325',1,NULL,NULL,NULL),(66,11,'LNB','LNBKUMB-XBWN54A-CLC-A','9099-328',1,NULL,NULL,NULL),(67,11,'LNB','LNBKUMB-XBWN54A-CLC-A','9099-329',1,NULL,NULL,NULL),(68,12,'LNB','LNBKUMB-XBWN54A-CLC-A','9099-320',0,'ATE1','tuning',NULL),(69,12,'LNB','LNBKUMB-XBWN54A-CLC-A','9099-321',0,'ATE1','tuning',NULL),(70,12,'LNB','LNBKUMB-XBWN54A-CLC-A','9099-326',0,'ATE1','tuning',NULL),(71,12,'LNB','LNBKUMB-XBWN54A-CLC-A','9099-327',0,'ATE1','tuning',NULL),(72,12,'LNB','LNBKUMB-XBWN54A-CLC-A','9099-330',1,NULL,NULL,NULL),(73,12,'LNB','LNBKUMB-XBWN54A-CLC-A','9099-331',0,'ATE1','tuning',NULL),(74,12,'LNB','LNBKUMB-XBWN54A-CLC-A','9099-332',1,NULL,NULL,NULL),(75,12,'LNB','LNBKUMB-XBWN54A-CLC-A','9099-333',0,'ATE1','tuning',NULL),(76,12,'LNB','LNBKAMB-IWN54A-LCL-A','9099-526',1,NULL,NULL,NULL),(77,12,'LNB','LNBKAMB-IWN54A-LCL-A','9099-527',1,NULL,NULL,NULL),(78,12,'LNB','LNBKAMB-IWN54A-LCL-A','9099-528',1,NULL,NULL,NULL),(79,12,'LNB','LNBKAMB-IWN54A-LCL-A','9099-529',0,'ATE2','tuning',NULL),(80,13,'SIP','POS-FtBFtB-EB','9273-001',1,NULL,NULL,NULL),(81,13,'SIP','POS-FtBFtB-EB','9273-002',1,NULL,NULL,NULL),(82,12,'LNB','LNBKAMB-IWN54A-LCL-A','9099-531',1,NULL,NULL,NULL),(83,12,'LNB','LNBKAMB-IWN54A-LCL-A','9099-532',1,NULL,NULL,NULL),(84,12,'LNB','LNBKAMB-IWN54A-LCL-A','9099-536',1,NULL,NULL,NULL),(85,12,'LNB','LNBKAMB-IWN54A-LCL-A','9099-537',1,NULL,NULL,NULL),(86,12,'LNB','LNB630S-500X-IWN54-LCL-A','9099-726',1,NULL,NULL,NULL),(87,12,'LNB','LNB630S-500X-IWN54-LCL-A','9099-727',1,NULL,NULL,NULL),(88,12,'LNB','LNB630S-500X-IWN54-LCL-A','9099-728',1,NULL,NULL,NULL),(89,12,'LNB','LNB630S-500X-IWN54-LCL-A','9099-729',1,NULL,NULL,NULL),(90,12,'LNB','LNB630S-500X-IWN54-LCL-A','9099-730',1,NULL,NULL,NULL),(91,12,'LNB','LNB630S-500X-IWN54-LCL-A','9099-731',1,NULL,NULL,NULL),(92,12,'LNB','LNB630S-500X-IWN54-LCL-A','9099-732',1,NULL,NULL,NULL),(93,12,'LNB','LNB630S-500X-IWN54-LCL-A','9099-733',1,NULL,NULL,NULL),(94,14,'SIP','MT25-SSBB','9307-001',1,NULL,NULL,'PO20112;837-00140-001 R3;0095'),(95,14,'LNB','LNB1000S-750P-WN60','9307-011',1,NULL,NULL,'04N12750142'),(96,4,'SMT','837-00221-001','9255-037',1,NULL,NULL,NULL),(97,4,'SMT','837-00221-001','9255-038',1,NULL,NULL,NULL),(98,4,'SMT','837-00221-001','9255-039',1,NULL,NULL,NULL),(99,4,'SMT','837-00221-001','9255-040',1,NULL,NULL,NULL),(100,4,'SMT','837-00221-001','9255-041',1,NULL,NULL,NULL),(101,4,'SMT','837-00221-001','9255-042',1,NULL,NULL,NULL),(195,5,'SMT','837-00222-001','9255-060',1,NULL,NULL,NULL),(194,5,'SMT','837-00222-001','9255-059',1,NULL,NULL,NULL),(193,5,'SMT','837-00222-001','9255-058',1,NULL,NULL,NULL),(192,5,'SMT','837-00222-001','9255-057',1,NULL,NULL,NULL),(191,5,'SMT','837-00222-001','9255-056',1,NULL,NULL,NULL),(107,5,'SMT','837-00222-001','9255-055',1,NULL,NULL,NULL),(108,15,'SIP','MT25-FFBS','9299-001',1,NULL,NULL,'PO18681;837-00141-001;0009'),(109,16,'BDC','BDC705R-1000X-SN35','9179-001',1,NULL,NULL,NULL),(110,16,'BDC','BDC705R-1000X-SN35','9179-002',1,NULL,NULL,NULL),(111,16,'BDC','BDC705R-1000X-SN35','9179-003',1,NULL,NULL,NULL),(112,17,'SIP','MT40-FFBS','9308-001',1,NULL,NULL,'PO18681;837-00141-001;0357'),(113,17,'SIP','MT40-FFBS','9308-002',1,NULL,NULL,'PO18681;837-00141-001;0358'),(114,18,'BDC','BDC705R-1000X-SN35','123-001',1,NULL,NULL,NULL),(115,19,'LNB','LNB630S-500X-IWN60','9300-001',1,NULL,NULL,'52N158000177'),(116,19,'LNB','LNB630S-500X-IWN60','9300-002',1,NULL,NULL,'52N158000178'),(117,19,'LNB','LNB630S-500X-IWN60','9300-003',1,NULL,NULL,'52N158000179'),(118,20,'SIP','MT25-NSBS','9237-001',1,NULL,NULL,NULL),(119,20,'SIP','MT25-NSBS','9237-002',1,NULL,NULL,NULL),(120,20,'SIP','MT25-NSBS','9237-003',1,NULL,NULL,NULL),(121,20,'SIP','MT25-NSBS','9237-004',1,NULL,NULL,NULL),(122,21,'SIP','MT25-SSBB','9237-011',1,NULL,NULL,NULL),(123,21,'SIP','MT25-SSBB','9237-012',1,NULL,NULL,NULL),(124,21,'SIP','MT25-SSBB','9237-013',1,NULL,NULL,NULL),(125,21,'SIP','MT25-SSBB','9237-014',1,NULL,NULL,NULL),(126,21,'SIP','MT25-SSBB','9237-015',1,NULL,NULL,NULL),(127,21,'SIP','MT25-SSBB','9237-016',1,NULL,NULL,NULL),(128,21,'SIP','MT25-SSBB','9237-017',1,NULL,NULL,NULL),(129,21,'SIP','MT25-SSBB','9237-018',1,NULL,NULL,NULL),(130,21,'SIP','MT25-SSBB','9237-019',1,NULL,NULL,NULL),(131,21,'SIP','MT25-SSBB','9237-020',1,NULL,NULL,NULL),(132,22,'SIP','MT25-SSBS','9237-031',1,NULL,NULL,NULL),(133,22,'SIP','MT25-SSBS','9237-032',1,NULL,NULL,NULL),(134,22,'SIP','MT25-SSBS','9237-033',1,NULL,NULL,NULL),(135,22,'SIP','MT25-SSBS','9237-034',1,NULL,NULL,NULL),(136,22,'SIP','MT25-SSBS','9237-035',1,NULL,NULL,NULL),(137,22,'SIP','MT25-SSBS','9237-036',1,NULL,NULL,NULL),(138,22,'SIP','MT25-SSBS','9237-037',1,NULL,NULL,NULL),(139,22,'SIP','MT25-SSBS','9237-038',1,NULL,NULL,NULL),(140,22,'SIP','MT25-SSBS','9237-039',1,NULL,NULL,NULL),(141,22,'SIP','MT25-SSBS','9237-040',1,NULL,NULL,NULL),(142,22,'SIP','MT25-SSBS','9237-041',1,NULL,NULL,NULL),(143,22,'SIP','MT25-SSBS','9237-042',1,NULL,NULL,NULL),(144,22,'SIP','MT25-SSBS','9237-043',1,NULL,NULL,NULL),(145,22,'SIP','MT25-SSBS','9237-044',1,NULL,NULL,NULL),(146,22,'SIP','MT25-SSBS','9237-045',1,NULL,NULL,NULL),(147,22,'SIP','MT25-SSBS','9237-046',1,NULL,NULL,NULL),(148,22,'SIP','MT25-SSBS','9237-047',1,NULL,NULL,NULL),(149,22,'SIP','MT25-SSBS','9237-048',1,NULL,NULL,NULL),(150,22,'SIP','MT25-SSBS','9237-049',1,NULL,NULL,NULL),(151,22,'SIP','MT25-SSBS','9237-050',1,NULL,NULL,NULL),(152,23,'SIP','MT25-SSSS','9237-061',1,NULL,NULL,NULL),(153,23,'SIP','MT25-SSSS','9237-062',1,NULL,NULL,NULL),(154,23,'SIP','MT25-SSSS','9237-063',1,NULL,NULL,NULL),(155,23,'SIP','MT25-SSSS','9237-064',1,NULL,NULL,NULL),(156,23,'SIP','MT25-SSSS','9237-065',1,NULL,NULL,NULL),(157,23,'SIP','MT25-SSSS','9237-066',1,NULL,NULL,NULL),(158,23,'SIP','MT25-SSSS','9237-067',1,NULL,NULL,NULL),(159,23,'SIP','MT25-SSSS','9237-068',1,NULL,NULL,NULL),(160,23,'SIP','MT25-SSSS','9237-069',1,NULL,NULL,NULL),(161,23,'SIP','MT25-SSSS','9237-070',1,NULL,NULL,NULL),(162,24,'SIP','MT40-NNBN','9237-081',1,NULL,NULL,NULL),(163,24,'SIP','MT40-NNBN','9237-082',1,NULL,NULL,NULL),(164,24,'SIP','MT40-NNBN','9237-083',1,NULL,NULL,NULL),(165,24,'SIP','MT40-NNBN','9237-084',1,NULL,NULL,NULL),(166,25,'SIP','MT40-NNBS','9237-091',1,NULL,NULL,NULL),(167,25,'SIP','MT40-NNBS','9237-092',1,NULL,NULL,NULL),(168,25,'SIP','MT40-NNBS','9237-093',1,NULL,NULL,NULL),(169,25,'SIP','MT40-NNBS','9237-094',1,NULL,NULL,NULL),(170,26,'SIP','MT40-SSBS','9237-101',1,NULL,NULL,NULL),(171,26,'SIP','MT40-SSBS','9237-102',1,NULL,NULL,NULL),(172,26,'SIP','MT40-SSBS','9237-103',1,NULL,NULL,NULL),(173,26,'SIP','MT40-SSBS','9237-104',1,NULL,NULL,NULL),(174,26,'SIP','MT40-SSBS','9237-105',1,NULL,NULL,NULL),(175,26,'SIP','MT40-SSBS','9237-106',1,NULL,NULL,NULL),(176,26,'SIP','MT40-SSBS','9237-107',1,NULL,NULL,NULL),(177,26,'SIP','MT40-SSBS','9237-108',1,NULL,NULL,NULL),(178,26,'SIP','MT40-SSBS','9237-109',1,NULL,NULL,NULL),(179,26,'SIP','MT40-SSBS','9237-110',1,NULL,NULL,NULL),(180,27,'SIP','MT40-SSBB','9249-001',1,NULL,NULL,NULL),(181,28,'SIP','MT25-NNBB-3.5','9230-001',1,NULL,NULL,NULL),(182,28,'SIP','MT25-NNBB-3.5','9230-002',1,NULL,NULL,NULL),(183,28,'SIP','MT25-NNBB-3.5','9230-003',1,NULL,NULL,NULL),(184,28,'SIP','MT25-NNBB-3.5','9230-004',1,NULL,NULL,NULL),(185,30,'LNB','LNBKAWT-LWN60E-ITT2','8597-007',0,'ATE4','Firmware reprogramming',NULL),(186,31,'LNB','LNBKAWE-AWIN60J-STL','9157-001',0,'ATE2','tuning',NULL),(187,31,'LNB','LNBKAWE-AWIN60J-STL','9157-002',0,'ATE2','tuning',NULL),(188,33,'BDC','BDCKUMAM-XSS40A','9191-100',0,'ATE1','tuning, defective components',NULL),(189,34,'BDC','BDCKUMAM-XSS40E','9214-001',0,'ATE1','defective components, tuning',NULL),(190,35,'LNB','LNB630S-500X-IWN60','9313-001',1,NULL,NULL,'4ZN15800067'),(202,5,'SMT','837-00222-001','9255-067',1,NULL,NULL,NULL),(203,5,'SMT','837-00222-001','9255-068',1,NULL,NULL,NULL),(204,5,'SMT','837-00222-001','9255-069',1,NULL,NULL,NULL),(205,5,'SMT','837-00222-001','9255-070',1,NULL,NULL,NULL),(206,5,'SMT','837-00222-001','9255-071',1,NULL,NULL,NULL),(207,5,'SMT','837-00222-001','9255-072',1,NULL,NULL,NULL),(208,5,'SMT','837-00222-001','9255-073',1,NULL,NULL,NULL),(209,5,'SMT','837-00222-001','9255-074',1,NULL,NULL,NULL),(210,5,'SMT','837-00222-001','9255-075',1,NULL,NULL,NULL),(211,5,'SMT','837-00222-001','9255-076',1,NULL,NULL,NULL),(212,5,'SMT','837-00222-001','9255-077',1,NULL,NULL,NULL),(213,5,'SMT','837-00222-001','9255-078',1,NULL,NULL,NULL),(214,4,'SMT','837-00221-001','9255-043',1,NULL,NULL,NULL),(215,4,'SMT','837-00221-001','9255-044',1,NULL,NULL,NULL),(216,4,'SMT','837-00221-001','9255-045',1,NULL,NULL,NULL),(217,4,'SMT','837-00221-001','9255-046',1,NULL,NULL,NULL),(218,4,'SMT','837-00221-001','9255-047',1,NULL,NULL,NULL),(219,4,'SMT','837-00221-001','9255-048',1,NULL,NULL,NULL),(220,4,'SMT','837-00221-001','9255-049',1,NULL,NULL,NULL),(221,4,'SMT','837-00221-001','9255-050',1,NULL,NULL,NULL),(222,4,'SMT','837-00221-001','9255-051',1,NULL,NULL,NULL),(223,4,'SMT','837-00221-001','9255-052',1,NULL,NULL,NULL),(224,4,'SMT','837-00221-001','9255-053',1,NULL,NULL,NULL),(225,4,'SMT','837-00221-001','9255-054',1,NULL,NULL,NULL),(226,36,'SMT','837-00293-001','9266-001',1,NULL,NULL,NULL),(227,36,'SMT','837-00293-001','9266-002',1,NULL,NULL,NULL),(228,36,'SMT','837-00293-001','9266-003',1,NULL,NULL,NULL),(229,36,'SMT','837-00293-001','9266-004',1,NULL,NULL,NULL),(230,36,'SMT','837-00293-001','9266-005',1,NULL,NULL,NULL),(231,36,'SMT','837-00293-001','9266-006',1,NULL,NULL,NULL),(232,36,'SMT','837-00293-001','9266-007',1,NULL,NULL,NULL),(233,36,'SMT','837-00293-001','9266-008',1,NULL,NULL,NULL),(234,36,'SMT','837-00293-001','9266-009',1,NULL,NULL,NULL),(235,36,'SMT','837-00293-001','9266-010',1,NULL,NULL,NULL),(236,36,'SMT','837-00293-001','9266-011',1,NULL,NULL,NULL),(237,36,'SMT','837-00293-001','9266-012',1,NULL,NULL,NULL),(238,36,'SMT','837-00293-001','9266-013',1,NULL,NULL,NULL),(239,36,'SMT','837-00293-001','9266-014',1,NULL,NULL,NULL),(240,36,'SMT','837-00293-001','9266-015',1,NULL,NULL,NULL),(241,36,'SMT','837-00293-001','9266-016',1,NULL,NULL,NULL),(242,36,'SMT','837-00293-001','9266-017',1,NULL,NULL,NULL),(243,36,'SMT','837-00293-001','9266-018',1,NULL,NULL,NULL),(244,36,'SMT','837-00293-001','9266-019',1,NULL,NULL,NULL),(245,36,'SMT','837-00293-001','9266-020',1,NULL,NULL,NULL),(246,36,'SMT','837-00293-001','9266-021',1,NULL,NULL,NULL),(247,36,'SMT','837-00293-001','9266-022',1,NULL,NULL,NULL),(248,36,'SMT','837-00293-001','9266-023',1,NULL,NULL,NULL),(249,36,'SMT','837-00293-001','9266-024',1,NULL,NULL,NULL),(250,36,'SMT','837-00293-001','9266-025',1,NULL,NULL,NULL),(251,36,'SMT','837-00293-001','9266-026',1,NULL,NULL,NULL),(252,36,'SMT','837-00293-001','9266-027',1,NULL,NULL,NULL),(253,36,'SMT','837-00293-001','9266-028',1,NULL,NULL,NULL),(254,36,'SMT','837-00293-001','9266-029',1,NULL,NULL,NULL),(255,36,'SMT','837-00293-001','9266-030',1,NULL,NULL,NULL),(256,36,'SMT','837-00293-001','9266-031',1,NULL,NULL,NULL),(257,36,'SMT','837-00293-001','9266-032',1,NULL,NULL,NULL),(258,36,'SMT','837-00293-001','9266-033',1,NULL,NULL,NULL),(259,36,'SMT','837-00293-001','9266-034',1,NULL,NULL,NULL),(260,36,'SMT','837-00293-001','9266-035',1,NULL,NULL,NULL),(261,36,'SMT','837-00293-001','9266-036',1,NULL,NULL,NULL),(262,36,'SMT','837-00293-001','9266-037',1,NULL,NULL,NULL),(263,36,'SMT','837-00293-001','9266-038',1,NULL,NULL,NULL),(264,36,'SMT','837-00293-001','9266-039',1,NULL,NULL,NULL),(265,36,'SMT','837-00293-001','9266-040',1,NULL,NULL,NULL),(266,36,'SMT','837-00293-001','9266-041',1,NULL,NULL,NULL),(267,36,'SMT','837-00293-001','9266-042',1,NULL,NULL,NULL),(268,36,'SMT','837-00293-001','9266-043',1,NULL,NULL,NULL),(269,36,'SMT','837-00293-001','9266-044',1,NULL,NULL,NULL),(270,36,'SMT','837-00293-001','9266-045',1,NULL,NULL,NULL),(271,36,'SMT','837-00293-001','9266-046',1,NULL,NULL,NULL),(272,36,'SMT','837-00293-001','9266-047',1,NULL,NULL,NULL),(273,36,'SMT','837-00293-001','9266-048',1,NULL,NULL,NULL),(274,36,'SMT','837-00293-001','9266-049',1,NULL,NULL,NULL),(275,36,'SMT','837-00293-001','9266-050',1,NULL,NULL,NULL),(276,36,'SMT','837-00293-001','9266-051',1,NULL,NULL,NULL),(277,36,'SMT','837-00293-001','9266-052',1,NULL,NULL,NULL),(278,36,'SMT','837-00293-001','9266-053',1,NULL,NULL,NULL),(279,36,'SMT','837-00293-001','9266-054',1,NULL,NULL,NULL),(280,36,'SMT','837-00293-001','9266-055',1,NULL,NULL,NULL),(281,36,'SMT','837-00293-001','9266-056',1,NULL,NULL,NULL),(282,36,'SMT','837-00293-001','9266-057',1,NULL,NULL,NULL),(283,36,'SMT','837-00293-001','9266-058',1,NULL,NULL,NULL),(284,36,'SMT','837-00293-001','9266-059',1,NULL,NULL,NULL),(285,36,'SMT','837-00293-001','9266-060',1,NULL,NULL,NULL),(286,36,'SMT','837-00293-001','9266-061',1,NULL,NULL,NULL),(287,36,'SMT','837-00293-001','9266-062',1,NULL,NULL,NULL),(288,36,'SMT','837-00293-001','9266-063',1,NULL,NULL,NULL),(289,36,'SMT','837-00293-001','9266-064',1,NULL,NULL,NULL),(290,36,'SMT','837-00293-001','9266-065',1,NULL,NULL,NULL),(291,36,'SMT','837-00293-001','9266-066',1,NULL,NULL,NULL),(292,36,'SMT','837-00293-001','9266-067',1,NULL,NULL,NULL),(293,36,'SMT','837-00293-001','9266-068',1,NULL,NULL,NULL),(294,36,'SMT','837-00293-001','9266-069',1,NULL,NULL,NULL),(295,36,'SMT','837-00293-001','9266-070',1,NULL,NULL,NULL),(296,36,'SMT','837-00293-001','9266-071',1,NULL,NULL,NULL),(297,36,'SMT','837-00293-001','9266-072',1,NULL,NULL,NULL),(298,36,'SMT','837-00293-001','9266-073',1,NULL,NULL,NULL),(299,36,'SMT','837-00293-001','9266-074',1,NULL,NULL,NULL),(300,36,'SMT','837-00293-001','9266-075',1,NULL,NULL,NULL),(301,36,'SMT','837-00293-001','9266-076',1,NULL,NULL,NULL),(302,36,'SMT','837-00293-001','9266-077',1,NULL,NULL,NULL),(303,36,'SMT','837-00293-001','9266-078',1,NULL,NULL,NULL),(304,36,'SMT','837-00293-001','9266-079',1,NULL,NULL,NULL),(305,36,'SMT','837-00293-001','9266-080',1,NULL,NULL,NULL),(306,36,'SMT','837-00293-001','9266-081',1,NULL,NULL,NULL),(307,36,'SMT','837-00293-001','9266-082',1,NULL,NULL,NULL),(308,36,'SMT','837-00293-001','9266-083',1,NULL,NULL,NULL),(309,36,'SMT','837-00293-001','9266-084',1,NULL,NULL,NULL),(310,36,'SMT','837-00293-001','9266-085',1,NULL,NULL,NULL),(311,36,'SMT','837-00293-001','9266-086',1,NULL,NULL,NULL),(312,36,'SMT','837-00293-001','9266-087',1,NULL,NULL,NULL),(313,36,'SMT','837-00293-001','9266-088',1,NULL,NULL,NULL),(314,36,'SMT','837-00293-001','9266-089',1,NULL,NULL,NULL),(315,36,'SMT','837-00293-001','9266-090',1,NULL,NULL,NULL),(316,36,'SMT','837-00293-001','9266-091',1,NULL,NULL,NULL),(317,36,'SMT','837-00293-001','9266-092',1,NULL,NULL,NULL),(318,36,'SMT','837-00293-001','9266-093',1,NULL,NULL,NULL),(319,36,'SMT','837-00293-001','9266-094',1,NULL,NULL,NULL),(320,36,'SMT','837-00293-001','9266-095',1,NULL,NULL,NULL),(321,36,'SMT','837-00293-001','9266-096',1,NULL,NULL,NULL),(322,36,'SMT','837-00293-001','9266-097',1,NULL,NULL,NULL),(323,37,'LNB','LNBKAWT-XWN60S-LC1-33303','9227-001',0,'ATE2','tuning, changing design',NULL);
/*!40000 ALTER TABLE `shipped_units` ENABLE KEYS */;
UNLOCK TABLES;

--
-- Table structure for table `users`
--

DROP TABLE IF EXISTS `users`;
/*!40101 SET @saved_cs_client     = @@character_set_client */;
/*!50503 SET character_set_client = utf8mb4 */;
CREATE TABLE `users` (
  `id` int NOT NULL AUTO_INCREMENT,
  `username` varchar(80) NOT NULL,
  `password_hash` varchar(255) NOT NULL,
  `role` enum('admin','user') NOT NULL DEFAULT 'user',
  `is_active` tinyint(1) DEFAULT '1',
  `created_at` timestamp NULL DEFAULT CURRENT_TIMESTAMP,
  PRIMARY KEY (`id`),
  UNIQUE KEY `username` (`username`)
) ENGINE=MyISAM AUTO_INCREMENT=7 DEFAULT CHARSET=utf8mb4 COLLATE=utf8mb4_0900_ai_ci;
/*!40101 SET character_set_client = @saved_cs_client */;

--
-- Dumping data for table `users`
--

LOCK TABLES `users` WRITE;
/*!40000 ALTER TABLE `users` DISABLE KEYS */;
INSERT INTO `users` VALUES (1,'admin','pbkdf2:sha256:260000$jfLh89LVpFLQgatP$58ff4ab1489f43bad788d320aeca1be5c53e7c60560c268b5918582d22bad352','admin',1,'2025-09-15 22:05:05'),(2,'Tom Nguyen','pbkdf2:sha256:260000$08xQ9bsrB8d3elc8$70085265c6ecc1e7527a40c1f4f43e1d265596524296c938e049f96320438f3e','admin',1,'2025-09-16 15:58:14'),(3,'Carl Jaehrlich','pbkdf2:sha256:260000$SN8IwzNKT6DUklrc$829099b193e9e63734ca9cb77b6fb9b8abff5002c7f520d7eac89017c6fc1a4d','user',1,'2025-09-16 15:59:15'),(4,'Cihan Dilim','pbkdf2:sha256:260000$yprfcAK6zAk8o5GU$5319e7b343992e78d54dd48f0791921402235c47cb38519550f1216a8b0f2a74','user',1,'2025-09-16 15:59:52'),(5,'Eric Guetre','pbkdf2:sha256:260000$H59cLqlQv1L3UKkO$bd3795ee3372de8186185a396da1cce0c3763739c917b541165fdfb73e41b2ff','user',1,'2025-09-16 16:00:18'),(6,'Viewer','pbkdf2:sha256:260000$2DmwBnnEejeiXxnx$03ad6e612cf6f527f7d124c9cb3a21ce50bd172e3fb9ba5d0ecbe00c7b659722','',1,'2025-09-23 18:11:46');
/*!40000 ALTER TABLE `users` ENABLE KEYS */;
UNLOCK TABLES;
/*!40103 SET TIME_ZONE=@OLD_TIME_ZONE */;

/*!40101 SET SQL_MODE=@OLD_SQL_MODE */;
/*!40014 SET FOREIGN_KEY_CHECKS=@OLD_FOREIGN_KEY_CHECKS */;
/*!40014 SET UNIQUE_CHECKS=@OLD_UNIQUE_CHECKS */;
/*!40101 SET CHARACTER_SET_CLIENT=@OLD_CHARACTER_SET_CLIENT */;
/*!40101 SET CHARACTER_SET_RESULTS=@OLD_CHARACTER_SET_RESULTS */;
/*!40101 SET COLLATION_CONNECTION=@OLD_COLLATION_CONNECTION */;
/*!40111 SET SQL_NOTES=@OLD_SQL_NOTES */;

-- Dump completed on 2025-10-01  9:38:30
